Date,MaxTemperature,MinTemperature,AverageTemperature,Humidity,Rainfall,WindSpeed
2025-01-01,26.6,16.0,20.9,67,0.0,14.7
2025-01-02,26.4,16.2,20.6,70,0.0,14.2
2025-01-03,25.9,16.4,20.3,69,0.0,15.9
2025-01-04,25.8,14.2,19.7,70,0.0,12.5
2025-01-05,26.5,14.9,20.2,68,0.0,11.6
2025-01-06,26.2,15.8,20.5,67,0.0,11.9
2025-01-07,27.3,15.3,21.3,61,0.0,10.2
2025-01-08,27.1,16.4,21.0,59,0.0,12.6
2025-01-09,25.9,14.6,19.8,70,0.0,16.7
2025-01-10,26.9,16.0,20.8,70,0.0,14.7
2025-01-11,27.7,17.7,21.8,73,0.0,13.7
2025-01-12,28.7,17.2,21.8,74,0.0,14.7
2025-01-13,28.2,19.0,22.5,75,0.8,14.5
2025-01-14,27.5,18.6,22.2,74,0.1,16.2
2025-01-15,25.5,16.8,20.4,73,0.2,15.7
2025-01-16,26.7,16.1,20.8,70,0.0,17.7
2025-01-17,26.7,16.2,20.8,72,0.0,14.8
2025-01-18,27.3,15.8,21.2,68,0.0,14.2
2025-01-19,22.9,18.3,20.0,83,6.0,15.6
2025-01-20,27.3,17.9,21.6,68,0.0,11.5
2025-01-21,27.8,15.7,21.0,58,0.0,11.6
2025-01-22,28.6,15.4,21.6,59,0.0,13.8
2025-01-23,29.7,16.7,22.4,63,0.0,13.0
2025-01-24,27.7,16.3,21.3,63,0.0,12.1
2025-01-25,29.0,14.9,21.4,60,0.0,13.9
2025-01-26,29.1,15.1,21.9,48,0.0,15.9
2025-01-27,28.2,15.0,21.4,54,0.0,12.0
2025-01-28,28.1,15.5,21.3,57,0.0,11.2
2025-01-29,29.4,15.2,21.9,59,0.0,12.5
2025-01-30,29.3,16.1,22.4,64,0.0,10.5
2025-01-31,30.5,18.5,24.2,62,0.0,10.9
2025-02-01,30.5,19.4,24.5,57,0.0,12.5
2025-02-02,31.0,17.5,24.0,48,0.0,12.1
2025-02-03,30.3,16.8,23.4,45,0.0,12.6
2025-02-04,30.7,17.0,23.9,40,0.0,14.3
2025-02-05,30.4,18.2,23.9,42,0.0,14.6
2025-02-06,29.7,17.4,23.4,41,0.0,13.9
2025-02-07,30.1,17.3,23.4,41,0.0,14.6
2025-02-08,29.9,17.6,23.6,46,0.0,16.1
2025-02-09,29.6,18.0,23.6,50,0.0,16.5
2025-02-10,28.9,17.1,22.8,56,0.0,13.8
2025-02-11,30.7,16.6,23.3,48,0.0,12.5
2025-02-12,31.6,17.0,24.3,36,0.0,13.3
2025-02-13,31.9,17.8,24.9,33,0.0,13.4
2025-02-14,32.1,18.4,25.4,31,0.0,11.8
2025-02-15,31.3,19.2,25.4,35,0.0,12.9
2025-02-16,31.9,18.8,25.1,39,0.0,14.0
2025-02-17,31.8,18.3,24.7,43,0.0,13.6
2025-02-18,31.7,18.3,24.9,45,0.0,14.9
2025-02-19,32.9,18.9,25.8,42,0.0,13.1
2025-02-20,32.7,19.5,25.7,46,0.0,15.3
2025-02-21,32.3,18.5,25.3,45,0.0,14.1
2025-02-22,32.2,18.5,25.5,47,0.0,16.4
2025-02-23,31.9,19.8,25.6,40,0.0,18.2
2025-02-24,30.5,19.2,24.7,39,0.0,17.2
2025-02-25,30.1,17.5,23.8,49,0.0,15.9
2025-02-26,30.7,18.6,24.3,45,0.0,17.1
2025-02-27,30.9,17.9,24.3,41,0.0,16.4
2025-02-28,31.4,17.7,24.5,46,0.0,14.8
2025-03-01,31.4,18.7,24.7,63,0.0,14.2
2025-03-02,32.2,19.6,25.8,55,0.0,14.2
2025-03-03,33.1,20.2,26.7,47,0.0,15.3
2025-03-04,33.1,21.6,27.2,36,0.0,17.5
2025-03-05,33.2,21.7,27.6,30,0.0,16.1
2025-03-06,33.3,21.9,27.5,33,0.0,15.3
2025-03-07,34.0,20.3,27.0,30,0.0,12.4
2025-03-08,34.2,19.7,26.8,32,0.0,11.2
2025-03-09,33.7,20.1,26.6,36,0.0,16.7
2025-03-10,31.6,17.8,24.5,53,0.0,16.9
2025-03-11,31.2,18.2,23.4,65,2.5,21.6
2025-03-12,30.7,20.0,24.5,70,2.3,16.7
2025-03-13,34.0,18.7,26.3,51,0.0,14.8
2025-03-14,34.4,19.7,27.4,39,0.0,15.9
2025-03-15,33.7,20.4,26.9,35,0.0,17.1
2025-03-16,33.4,19.8,26.7,46,0.0,14.9
2025-03-17,35.1,21.4,27.3,53,0.0,17.4
2025-03-18,34.8,21.4,27.9,46,0.0,15.2
2025-03-19,33.8,21.6,27.2,52,0.0,14.4
2025-03-20,33.1,20.2,26.4,54,0.0,13.2
2025-03-21,34.0,20.0,26.8,54,0.0,13.7
2025-03-22,33.2,21.5,24.7,71,23.8,18.4
2025-03-23,29.7,20.2,24.1,75,0.1,13.4
2025-03-24,30.7,19.8,24.7,68,0.0,11.9
2025-03-25,31.2,20.1,25.3,60,0.0,12.9
2025-03-26,33.6,19.6,26.5,47,0.0,12.1
2025-03-27,33.9,20.6,27.4,43,0.0,15.1
2025-03-28,35.2,21.8,28.0,40,0.0,13.0
2025-03-29,34.9,22.2,28.4,32,0.0,15.7
2025-03-30,34.4,22.0,28.0,28,0.0,17.4
2025-03-31,34.4,21.5,28.0,31,0.0,16.7
2025-04-01,33.3,19.6,26.4,50,0.0,13.9
2025-04-02,32.6,20.4,26.1,59,0.1,13.9
2025-04-03,32.7,20.6,25.3,68,8.0,11.6
2025-04-04,29.1,19.9,23.3,77,3.0,10.4
2025-04-05,31.1,19.5,24.9,69,0.0,9.8
2025-04-06,32.9,20.9,26.8,56,0.0,13.3
2025-04-07,34.8,21.0,27.7,49,0.0,16.5
2025-04-08,34.4,20.3,27.5,46,0.0,20.6
2025-04-09,33.3,20.6,27.4,43,0.0,14.2
2025-04-10,33.2,20.8,27.3,48,0.0,11.1
2025-04-11,34.1,20.7,26.3,57,4.7,13.0
2025-04-12,33.5,20.6,25.7,60,1.5,11.0
2025-04-13,32.1,21.1,26.3,55,0.3,9.0
2025-04-14,33.7,21.4,26.8,52,0.7,14.1
2025-04-15,33.6,20.7,27.3,47,0.0,12.3
2025-04-16,34.0,21.7,25.7,64,10.8,18.2
2025-04-17,33.3,21.1,27.2,56,0.1,7.6
2025-04-18,33.6,21.3,26.7,62,1.1,10.4
2025-04-19,32.9,21.0,26.8,63,0.0,9.8
2025-04-20,34.4,21.1,26.7,62,0.1,13.1
2025-04-21,34.2,20.9,27.5,55,0.0,13.7
2025-04-22,34.6,21.9,28.3,43,0.0,14.1
2025-04-23,35.5,21.7,29.0,42,0.0,12.5
2025-04-24,36.2,21.1,29.0,47,0.0,14.6
2025-04-25,35.6,21.8,28.8,50,0.0,16.3
2025-04-26,34.3,22.5,28.5,49,0.0,13.9
2025-04-27,34.3,21.9,28.0,52,0.0,14.3
2025-04-28,33.4,21.9,27.6,56,0.0,11.1
2025-04-29,34.3,22.1,28.1,52,0.2,14.4
2025-04-30,34.7,22.4,28.6,49,1.0,12.2
2025-05-01,34.6,23.1,28.3,49,1.3,10.7
2025-05-02,33.7,21.8,27.1,60,2.9,7.8
2025-05-03,34.5,21.3,26.5,62,9.3,11.1
2025-05-04,33.7,21.3,27.2,58,0.3,18.5
2025-05-05,35.3,21.8,28.1,50,0.0,10.9
2025-05-06,34.0,21.0,27.4,54,0.0,10.0
2025-05-07,33.5,20.8,27.5,48,0.0,10.7
2025-05-08,32.8,21.8,27.1,49,0.0,11.4
2025-05-09,32.4,20.8,26.8,52,0.1,9.2
2025-05-10,31.6,21.5,26.9,52,0.7,10.1
2025-05-11,32.1,21.0,26.0,62,8.0,10.9
2025-05-12,31.2,20.9,25.6,69,1.2,14.5
2025-05-13,33.5,20.7,25.1,73,4.7,17.9
2025-05-14,32.4,20.8,26.2,67,1.6,11.2
2025-05-15,33.1,21.1,25.8,70,1.8,12.8
2025-05-16,30.9,21.3,25.3,74,3.6,13.4
2025-05-17,29.4,21.1,23.6,85,22.6,12.1
2025-05-18,29.1,20.5,24.0,83,16.5,11.1
2025-05-19,28.3,21.1,23.2,88,14.9,11.1
2025-05-20,27.4,20.8,22.7,90,15.2,12.0
2025-05-21,26.5,20.5,22.8,81,7.9,18.6
2025-05-22,28.6,19.3,23.6,75,0.1,18.9
2025-05-23,28.1,20.5,23.6,81,3.1,22.2
2025-05-24,25.5,20.8,22.7,87,5.5,27.2
2025-05-25,26.9,20.3,22.7,88,7.6,29.2
2025-05-26,25.5,20.1,21.6,92,15.2,24.6
2025-05-27,26.3,20.4,22.8,83,3.2,28.8
2025-05-28,26.4,20.9,23.1,80,3.3,27.6
2025-05-29,26.0,20.7,22.4,85,6.4,24.0
2025-05-30,24.2,20.5,22.1,88,2.2,19.9
2025-05-31,29.5,21.0,24.2,76,0.1,20.4
2025-06-01,29.6,19.7,24.2,75,0.0,16.4
2025-06-02,28.9,19.5,23.7,77,1.5,20.2
2025-06-03,28.8,19.9,23.6,79,1.8,20.9
2025-06-04,29.3,19.4,24.3,73,0.5,15.1
2025-06-05,30.2,19.4,24.6,69,0.0,12.9
2025-06-06,31.6,20.0,25.8,64,0.2,13.1
2025-06-07,30.9,20.2,25.6,64,0.3,13.0
2025-06-08,31.8,20.2,25.6,66,2.9,12.4
2025-06-09,28.8,20.3,23.8,80,11.9,16.0
2025-06-10,29.8,20.1,23.8,78,5.0,17.2
2025-06-11,27.8,20.4,23.3,83,7.0,16.9
2025-06-12,27.6,20.3,22.9,82,2.3,17.7
2025-06-13,26.2,20.4,22.6,88,3.9,17.2
2025-06-14,27.0,20.0,22.5,86,5.7,21.6
2025-06-15,24.3,20.5,21.9,88,4.0,28.8
2025-06-16,25.9,20.1,22.3,85,8.8,29.9
2025-06-17,26.2,20.1,22.3,86,6.6,23.3
2025-06-18,27.7,19.9,23.2,82,1.0,20.3
2025-06-19,28.7,20.0,23.7,76,0.0,23.1
2025-06-20,28.7,19.8,23.4,78,0.5,21.5
2025-06-21,28.2,19.7,23.5,76,0.2,22.3
2025-06-22,29.0,20.1,23.0,79,1.5,24.1
2025-06-23,26.9,19.9,22.8,78,1.1,26.5
2025-06-24,27.0,20.6,23.3,75,0.9,28.9
2025-06-25,27.4,20.2,22.9,80,8.6,25.8
2025-06-26,28.0,20.6,23.3,78,2.6,25.2
2025-06-27,27.9,19.5,23.0,77,0.6,21.4
2025-06-28,29.4,20.4,23.3,76,5.0,21.6
2025-06-29,29.3,20.0,23.7,72,0.2,25.9
2025-06-30,29.4,19.2,23.7,73,1.0,24.3
2025-07-01,28.5,20.1,23.7,73,0.1,22.4
2025-07-02,28.4,20.1,22.8,81,8.9,22.0
2025-07-03,25.2,19.7,22.0,85,5.5,23.5
2025-07-04,28.0,20.0,23.5,76,1.6,23.9
2025-07-05,28.3,20.4,23.2,78,2.8,26.7
2025-07-06,27.3,20.2,23.1,78,2.0,28.5
2025-07-07,28.0,20.3,23.7,73,0.8,27.6
2025-07-08,30.1,19.9,24.3,72,0.4,25.7
2025-07-09,29.0,19.7,23.8,74,1.5,23.5
2025-07-10,29.5,20.1,23.5,79,5.3,18.8
2025-07-11,28.6,19.9,23.0,84,5.0,19.7
2025-07-12,27.8,20.0,23.3,79,0.8,22.2
2025-07-13,28.2,19.7,23.0,82,7.6,19.2
2025-07-14,26.5,19.6,22.6,82,8.8,20.6
2025-07-15,27.1,20.2,22.9,79,2.8,24.6
2025-07-16,28.0,19.7,22.5,86,13.8,15.8
2025-07-17,27.6,20.1,22.1,87,13.9,18.7
2025-07-18,27.6,19.7,22.6,84,11.4,18.4
2025-07-19,26.2,19.8,21.7,88,21.1,17.1
2025-07-20,26.5,19.6,22.0,85,16.0,17.6
2025-07-21,26.6,19.5,21.5,89,17.5,20.4
2025-07-22,25.3,19.8,21.8,85,9.1,20.6
2025-07-23,25.5,19.8,22.0,83,7.0,24.3
2025-07-24,25.1,19.9,21.6,86,3.8,25.6
2025-07-25,25.7,19.8,22.0,84,9.2,30.2
2025-07-26,26.2,20.3,22.1,82,8.8,29.3
2025-07-27,25.8,19.8,22.2,77,1.7,29.5
2025-07-28,26.5,18.9,22.5,76,0.5,24.9
2025-07-29,27.2,18.8,22.5,77,1.1,26.8
2025-07-30,27.9,19.2,23.1,76,0.4,24.5
2025-07-31,27.1,19.4,22.9,81,1.1,19.9
2025-08-01,28.2,19.4,23.2,80,1.4,15.5
2025-08-02,28.5,19.5,23.5,78,1.2,11.9
2025-08-03,28.6,19.5,22.7,83,5.5,11.7
2025-08-04,28.8,19.6,23.3,82,2.6,11.5
2025-08-05,27.2,20.1,22.7,88,15.3,11.1
2025-08-06,27.9,19.7,23.2,84,1.4,13.6
2025-08-07,28.0,19.9,23.5,83,2.1,10.5
2025-08-08,27.3,20.3,22.6,87,6.3,8.8
2025-08-09,26.5,20.0,22.3,87,7.5,10.2
2025-08-10,26.5,19.9,22.0,87,12.9,13.2
2025-08-11,25.1,19.2,21.7,87,7.5,15.1
2025-08-12,25.5,19.2,21.6,85,5.9,18.4
2025-08-13,23.2,19.2,20.5,94,15.1,16.8
2025-08-14,24.7,18.9,21.1,88,5.1,19.3
2025-08-15,26.1,19.0,21.5,86,8.2,20.4
2025-08-16,26.7,19.7,22.0,85,5.9,22.1
2025-08-17,25.5,19.7,21.3,88,17.4,20.9
2025-08-18,22.7,19.3,20.7,89,6.9,21.7
2025-08-19,25.1,19.0,21.7,78,0.3,28.5
2025-08-20,27.2,19.1,22.4,78,1.3,22.8
2025-08-21,26.9,18.3,22.5,82,0.2,15.5
2025-08-22,27.0,19.2,22.5,84,4.6,11.6
2025-08-23,27.3,19.7,22.8,80,0.2,12.9
2025-08-24,28.0,18.8,23.1,76,0.3,16.1
2025-08-25,27.1,17.8,22.8,75,0.0,17.0
2025-08-26,28.4,18.5,22.6,77,1.6,17.8
2025-08-27,26.7,19.3,21.8,86,15.4,20.7
2025-08-28,25.8,19.6,21.6,89,8.7,18.4
2025-08-29,25.4,19.6,22.2,82,0.9,22.4
2025-08-30,27.8,19.6,22.8,83,4.0,19.9
2025-08-31,26.9,19.6,22.3,85,10.0,19.3
2025-09-01,26.6,19.8,22.5,81,4.3,21.9
2025-09-02,27.2,18.8,22.0,83,6.0,22.1
2025-09-03,25.5,19.6,21.6,87,5.5,18.9
2025-09-04,26.0,19.3,22.3,84,2.8,19.4
2025-09-05,26.8,19.1,22.8,81,1.3,13.5
2025-09-06,27.0,19.4,22.5,83,3.3,13.3
2025-09-07,27.7,19.6,23.1,81,1.8,14.3
2025-09-08,28.0,18.8,23.4,76,1.0,11.2
2025-09-09,28.2,19.1,23.6,78,1.5,8.3
2025-09-10,27.6,19.5,23.1,82,8.8,14.2
2025-09-11,26.3,19.3,22.4,80,0.4,14.5
2025-09-12,27.2,19.6,23.1,75,0.4,12.6
2025-09-13,28.1,18.9,23.3,75,1.2,11.6
2025-09-14,27.8,18.8,23.1,75,0.0,13.1
2025-09-15,28.4,19.1,23.2,77,2.0,15.8
2025-09-16,27.6,19.8,22.4,84,4.7,16.1
2025-09-17,25.7,19.7,22.1,88,10.7,10.8
2025-09-18,27.3,19.8,22.2,88,16.5,15.5
2025-09-19,24.3,19.3,21.3,90,6.8,14.5
2025-09-20,26.7,19.3,21.8,87,16.2,16.7
2025-09-21,27.0,18.9,22.4,83,3.5,14.6
2025-09-22,27.1,19.2,22.5,82,1.4,15.1
2025-09-23,25.3,19.8,21.9,85,8.4,17.7
2025-09-24,25.4,18.9,21.8,84,3.5,20.0
2025-09-25,27.1,18.9,22.1,84,8.5,18.7
2025-09-26,26.9,18.8,22.4,77,1.1,20.5
2025-09-27,26.6,19.4,22.2,80,2.8,25.2
2025-09-28,28.0,19.3,22.9,77,1.4,23.9
2025-09-29,28.3,19.6,23.0,75,0.4,23.4
2025-09-30,28.2,17.9,23.0,72,0.1,21.8
2025-10-01,29.2,19.4,23.6,73,2.4,18.8
2025-10-02,28.0,19.9,23.3,76,3.1,18.9
2025-10-03,29.6,19.4,23.6,76,10.9,11.8
2025-10-04,26.3,20.7,22.6,84,6.9,12.7
2025-10-05,28.6,18.3,23.1,75,2.1,16.6
2025-10-06,27.2,19.6,23.0,74,5.1,11.9
2025-10-07,28.7,18.9,23.8,70,0.8,8.7
2025-10-08,27.8,20.5,23.4,78,5.2,7.9
2025-10-09,27.5,19.1,22.6,85,35.4,10.3
2025-10-10,27.0,18.9,22.6,84,19.3,12.7
2025-10-11,27.0,19.3,22.7,80,9.1,10.4
2025-10-12,27.8,18.8,23.1,69,0.0,11.2
2025-10-13,27.8,18.9,23.1,74,0.0,12.4
2025-10-14,28.0,19.8,23.3,80,3.1,13.7
2025-10-15,26.7,20.2,22.5,85,4.8,15.5
2025-10-16,27.1,20.4,22.6,86,3.8,19.3
2025-10-17,26.3,19.6,22.2,88,5.1,16.1
2025-10-18,27.3,20.0,22.0,89,13.0,16.0
2025-10-19,27.3,19.1,22.4,86,22.4,9.0
2025-10-20,27.1,20.1,22.4,86,4.7,13.7
2025-10-21,25.4,20.0,21.5,90,6.0,17.6
2025-10-22,24.6,20.3,21.6,91,25.3,17.7
2025-10-23,25.7,19.8,22.3,85,1.6,13.5
2025-10-24,25.2,19.4,22.0,81,0.1,16.8
2025-10-25,26.6,19.6,22.8,79,0.0,13.9
2025-10-26,27.7,19.9,23.1,79,0.4,8.9
2025-10-27,23.9,19.4,21.4,88,2.5,13.8
2025-10-28,24.0,19.9,21.4,86,2.6,19.4
2025-10-29,26.8,19.4,22.2,78,0.1,21.9
2025-10-30,26.9,18.2,22.1,77,0.0,20.2
2025-10-31,27.3,18.0,22.4,71,0.0,15.0
2025-11-01,28.4,17.9,22.9,70,0.0,9.1
2025-11-02,27.8,17.7,23.0,73,0.0,9.4
2025-11-03,28.0,18.5,23.3,71,0.0,9.9
2025-11-04,27.1,18.5,22.4,77,0.1,11.3
2025-11-05,27.4,19.5,22.7,80,4.5,11.1
2025-11-06,26.5,19.1,22.0,81,1.9,11.4
2025-11-07,27.5,18.7,22.7,75,0.6,10.8
2025-11-08,27.3,18.6,22.3,69,0.0,11.5
2025-11-09,26.6,17.2,21.7,53,0.0,11.0
2025-11-10,28.8,17.2,22.4,60,0.0,9.4
2025-11-11,27.5,18.1,22.9,68,0.0,10.3
2025-11-12,27.9,19.0,23.1,70,0.1,11.3
2025-11-13,28.1,19.4,23.2,73,0.6,11.0
2025-11-14,27.9,19.1,22.5,70,0.0,12.6
2025-11-15,26.7,16.3,21.3,65,0.0,12.0
2025-11-16,26.3,17.5,21.8,71,0.0,12.0
2025-11-17,26.5,17.1,21.4,68,0.0,13.2
2025-11-18,24.6,18.2,20.8,77,5.8,15.4
2025-11-19,26.6,18.3,21.7,78,0.4,13.9
2025-11-20,27.8,18.2,22.2,76,0.0,10.6
2025-11-21,27.2,18.1,21.7,82,0.6,13.7
2025-11-22,26.9,19.6,22.3,82,1.5,17.6
2025-11-23,26.5,19.4,22.1,81,0.4,17.0
2025-11-24,26.8,19.2,22.1,78,0.0,15.1
2025-11-25,26.5,18.0,21.5,75,0.0,14.4
2025-11-26,26.6,17.0,20.9,74,0.0,15.6
2025-11-27,25.2,16.5,20.3,74,0.0,15.7
2025-11-28,24.8,15.8,19.8,74,0.0,18.9
2025-11-29,22.2,16.2,19.0,80,0.1,17.6
2025-11-30,21.4,18.3,19.3,92,6.3,14.6
2025-12-01,23.9,18.7,20.8,83,0.1,16.8
2025-12-02,24.8,18.5,21.2,83,0.3,13.8
2025-12-03,25.0,19.1,21.4,86,1.7,17.2
2025-12-04,25.9,19.3,21.4,85,7.5,14.3
2025-12-05,24.9,19.3,21.4,82,1.3,17.4
2025-12-06,25.6,17.4,20.9,76,0.0,14.1
2025-12-07,26.5,17.0,20.9,76,0.0,13.1
2025-12-08,27.1,15.9,20.5,67,0.0,13.7
2025-12-09,27.2,15.2,20.5,72,0.0,13.9
2025-12-10,27.4,17.0,21.2,56,0.0,13.5
2025-12-11,26.6,14.8,20.0,63,0.0,14.6
2025-12-12,26.7,13.9,19.8,65,0.0,11.9
2025-12-13,27.3,14.1,19.9,57,0.0,13.4
2025-12-14,26.1,14.2,19.7,63,0.0,13.2
2025-12-15,26.4,14.2,19.5,63,0.0,12.5
2025-12-16,25.1,15.4,20.2,78,0.1,21.9
2025-12-17,26.9,17.8,21.9,69,0.0,16.1
2025-12-18,27.0,15.0,20.2,62,0.0,12.9
2025-12-19,26.5,14.8,20.0,62,0.0,11.6
2025-12-20,25.3,13.8,19.1,65,0.0,10.7
2025-12-21,25.7,14.3,19.5,66,0.0,11.7
2025-12-22,24.8,14.3,19.2,72,0.0,12.7
2025-12-23,25.7,15.0,19.8,67,0.0,9.8
2025-12-24,25.3,14.5,19.8,63,0.0,11.7
2025-12-25,26.8,14.4,20.3,61,0.0,12.3
2025-12-26,26.4,17.4,21.2,65,0.0,12.6
2025-12-27,26.0,16.2,20.4,62,0.0,11.8
2025-12-28,26.6,15.0,20.3,67,0.0,12.0
2025-12-29,27.2,15.0,20.9,67,0.0,12.4
2025-12-30,28.7,16.5,22.1,63,0.0,10.2
2025-12-31,28.2,17.0,22.5,68,0.5,10.2
2026-01-01,27.2,18.8,22.3,73,0.5,13.4
2026-01-02,26.9,18.3,22.0,68,0.0,13.2
2026-01-03,26.5,17.3,21.7,61,0.0,15.5
2026-01-04,26.3,15.4,20.6,58,0.0,15.7
2026-01-05,26.2,14.3,20.2,59,0.0,13.4
2026-01-06,25.6,15.8,20.4,66,0.0,16.1
2026-01-07,25.8,16.4,20.4,60,0.0,16.6
2026-01-08,25.2,14.7,19.5,56,0.0,16.1
2026-01-09,26.3,14.0,19.4,64,0.0,13.4
2026-01-10,24.2,15.9,19.4,69,0.0,14.1
2026-01-11,22.1,16.1,19.0,81,0.0,14.8
2026-01-12,23.9,17.3,20.4,78,0.5,16.1
2026-01-13,26.3,17.0,21.1,74,0.8,14.5
2026-01-14,26.9,16.9,21.7,72,0.7,11.5
2026-01-15,29.1,17.2,22.7,63,0.0,13.0
2026-01-16,27.7,16.8,21.8,61,0.0,12.1
2026-01-17,27.1,14.8,20.8,51,0.0,10.6
2026-01-18,28.2,14.8,21.5,44,0.0,13.4
2026-01-19,28.9,15.5,21.8,49,0.0,15.3
2026-01-20,28.2,15.8,21.6,40,0.0,15.2
2026-01-21,26.8,14.8,20.7,49,0.0,14.6
2026-01-22,26.1,15.3,20.4,44,0.0,13.7
2026-01-23,27.1,13.9,20.3,55,0.0,13.9
2026-01-24,25.2,16.0,20.4,74,0.0,14.6
2026-01-25,25.1,17.5,21.0,70,0.1,15.3
2026-01-26,24.3,17.6,20.5,77,1.3,14.0
2026-01-27,28.3,17.2,22.1,63,0.0,15.3
2026-01-28,29.6,16.5,22.6,56,0.0,14.6
2026-01-29,27.9,16.3,21.9,56,0.0,13.9
2026-01-30,28.2,16.7,21.9,48,0.0,14.8
2026-01-31,28.3,15.8,21.7,41,0.0,14.3
2026-02-01,29.1,15.4,21.7,54,0.0,14.2
2026-02-02,28.7,16.3,22.1,58,0.0,15.2
2026-02-03,28.9,16.4,22.1,54,0.0,14.0
2026-02-04,28.1,15.2,21.6,50,0.0,14.8
2026-02-05,28.5,15.7,21.9,46,0.0,13.1
2026-02-06,28.7,16.0,22.0,46,0.0,16.4
2026-02-07,28.9,16.2,22.4,39,0.0,15.2
2026-02-08,29.4,17.0,22.9,48,0.0,11.7
2026-02-09,29.7,16.9,22.9,49,0.0,13.8
2026-02-10,29.1,16.2,22.3,50,0.0,14.7
2026-02-11,27.1,14.8,20.8,50,0.0,15.8
2026-02-12,27.8,13.2,20.7,55,0.0,12.1
2026-02-13,29.6,17.3,23.3,47,0.0,12.9
2026-02-14,29.9,16.3,23.0,54,0.0,13.9
2026-02-15,30.4,17.4,23.8,44,0.0,13.5
2026-02-16,29.5,17.5,23.2,41,0.0,16.1
2026-02-17,29.6,16.9,22.9,40,0.0,16.0
2026-02-18,29.6,17.3,22.6,43,0.0,15.4
2026-02-19,30.4,16.6,23.5,53,0.0,16.6
2026-02-20,30.5,18.4,23.9,57,0.0,17.5
2026-02-21,30.3,19.1,24.4,56,0.1,16.3
2026-02-22,31.4,19.4,25.1,53,0.0,14.7
2026-02-23,32.1,18.5,25.1,53,0.0,15.5
2026-02-24,31.3,19.6,25.2,50,0.0,13.8
2026-02-25,29.4,19.8,24.8,51,0.1,13.1
2026-02-26,30.3,19.5,25.5,47,0.1,13.6
2026-02-27,31.1,21.2,26.1,43,0.0,14.2
2026-02-28,30.8,20.2,25.5,45,0.0,12.9
2026-03-01,31.2,20.2,25.6,45,0.0,14.4
2026-03-02,32.2,20.3,26.2,43,0.0,13.6
2026-03-03,31.8,20.7,26.1,39,0.0,16.0
2026-03-04,31.7,20.2,26.0,39,0.0,14.3
2026-03-05,32.8,19.3,26.2,36,0.0,12.0
2026-03-06,33.6,20.3,27.0,33,0.0,10.3
2026-03-07,33.6,19.6,26.7,43,0.0,13.1
2026-03-08,33.1,20.8,26.8,42,0.0,13.8
2026-03-09,31.3,19.8,25.3,51,0.0,18.8
2026-03-10,29.9,18.4,24.1,54,0.0,15.3
2026-03-11,31.3,18.1,24.8,54,0.0,12.8
2026-03-12,32.4,20.2,26.3,43,0.0,15.8
2026-03-13,33.3,21.5,27.0,39,0.0,17.0
2026-03-14,32.4,20.0,26.4,41,0.0,15.8
2026-03-15,33.0,20.6,26.4,41,0.0,13.8
2026-03-16,33.1,20.7,26.7,42,0.1,10.7
2026-03-17,32.5,20.0,26.0,50,1.5,15.4
2026-03-18,31.0,19.9,24.4,57,1.4,12.0
2026-03-19,31.2,17.7,24.2,56,0.0,10.4
2026-03-20,30.4,19.0,24.6,58,0.0,10.7
2026-03-21,31.4,20.3,25.7,56,0.6,13.1
2026-03-22,31.6,21.4,26.0,59,1.3,12.6
2026-03-23,32.4,21.9,26.8,49,0.0,13.0
2026-03-24,32.4,20.7,26.6,50,0.0,12.0
2026-03-25,33.7,20.8,26.9,52,0.0,14.9
2026-03-26,33.8,20.4,27.1,44,0.0,15.8
2026-03-27,34.8,21.7,28.1,38,0.0,13.8
2026-03-28,33.6,21.9,28.0,40,0.0,13.4
2026-03-29,33.1,22.8,27.4,47,0.8,12.4
2026-03-30,31.5,22.6,27.0,48,0.1,13.1
2026-03-31,33.4,22.7,27.5,43,0.0,16.2
2026-04-01,33.6,20.6,27.0,47,0.0,16.3
2026-04-02,33.7,19.9,26.8,45,0.0,13.3
2026-04-03,34.2,21.0,27.8,43,0.0,10.8
2026-04-04,31.6,21.6,27.3,50,0.3,12.2
2026-04-05,32.4,22.2,27.7,51,0.3,14.9
2026-04-06,34.0,22.1,28.2,43,0.0,13.7
2026-04-07,34.2,22.2,28.2,35,0.0,12.4
2026-04-08,34.9,21.7,28.4,35,0.0,13.8
2026-04-09,33.6,22.8,28.6,46,0.1,12.3
2026-04-10,34.6,23.0,28.3,51,0.7,14.5
2026-04-11,35.4,23.0,29.0,52,0.0,12.7
2026-04-12,34.7,23.7,29.0,46,0.0,14.9
2026-04-13,36.5,23.4,29.4,42,0.0,15.6
2026-04-14,35.9,23.5,29.3,39,0.0,15.5
2026-04-15,35.4,22.6,29.2,40,0.0,14.0
2026-04-16,35.7,22.8,29.3,43,0.0,17.6
2026-04-17,35.7,23.2,29.6,40,0.0,14.5
2026-04-18,35.8,23.7,29.7,38,0.0,16.4
2026-04-19,35.3,23.0,29.4,40,0.0,13.0
2026-04-20,35.5,24.0,29.6,38,0.0,16.4
2026-04-21,35.9,22.8,29.1,43,0.0,14.3
2026-04-22,35.8,22.9,29.2,39,0.0,15.9
2026-04-23,36.3,23.2,29.7,35,0.0,16.4
2026-04-24,35.1,23.9,29.4,37,0.0,15.2
2026-04-25,35.1,24.3,29.5,37,0.0,15.0
2026-04-26,35.9,23.9,29.7,40,0.0,14.9
2026-04-27,36.9,23.7,30.2,38,0.0,11.7
2026-04-28,36.3,23.7,29.8,46,0.0,12.8
2026-04-29,35.6,23.8,29.3,46,0.1,8.9
2026-04-30,34.6,22.0,27.4,60,3.0,16.1
2026-05-01,31.6,21.7,25.8,68,0.0,10.1
2026-05-02,33.3,21.6,27.1,61,0.0,15.2
2026-05-03,33.5,21.7,27.1,60,0.0,13.1
2026-05-04,33.4,21.9,27.2,59,0.0,14.1
2026-05-05,31.6,22.3,26.9,53,0.0,12.5
2026-05-06,32.2,22.8,26.7,59,0.7,16.7
2026-05-07,31.9,21.9,26.6,63,0.0,11.7
2026-05-08,32.8,21.8,26.8,63,2.4,17.2
2026-05-09,32.0,21.2,25.2,71,6.6,15.0
2026-05-10,32.6,21.5,26.5,61,0.0,17.9
2026-05-11,34.0,21.7,27.8,53,0.0,16.9
2026-05-12,33.1,21.4,28.0,49,0.3,16.4
2026-05-13,33.7,22.8,28.7,47,0.5,12.9
2026-05-14,33.7,23.7,29.1,47,0.1,14.3
2026-05-15,31.1,22.5,27.7,55,0.4,14.1
2026-05-16,33.2,23.6,27.3,60,4.0,13.2
2026-05-17,34.1,22.6,28.3,56,0.0,13.9
2026-05-18,33.2,22.5,25.4,78,31.0,14.9
2026-05-19,29.0,21.4,24.4,82,2.9,15.4
2026-05-20,30.0,21.9,25.1,77,5.7,14.7
2026-05-21,32.0,22.2,26.5,72,0.2,13.2
2026-05-22,30.2,21.9,25.2,75,1.1,13.7
2026-05-23,27.0,21.7,23.7,84,6.9,12.0
2026-05-24,29.9,21.3,24.9,77,3.9,14.9
2026-05-25,31.0,20.6,25.1,77,6.2,15.2
2026-05-26,30.9,21.4,25.3,78,6.7,10.2
2026-05-27,28.5,21.1,25.0,76,7.3,11.7
2026-05-28,30.6,21.5,25.4,75,0.5,10.7
2026-05-29,31.4,21.2,25.7,75,1.1,14.0
2026-05-30,31.3,20.7,25.0,76,0.7,10.9
2026-05-31,30.5,20.9,25.2,74,3.7,13.2
2026-06-01,29.4,20.8,25.4,69,0.5,10.8
2026-06-02,30.9,22.1,26.0,67,3.6,9.8
2026-06-03,28.1,21.4,23.7,84,10.2,13.3
2026-06-04,28.9,20.3,24.3,75,1.2,16.0
2026-06-05,27.2,20.9,23.8,78,2.7,22.0
2026-06-06,28.8,20.5,23.9,76,0.4,19.5
2026-06-07,28.9,20.9,24.0,79,3.7,15.2
2026-06-08,28.7,21.1,24.1,77,3.7,21.2
2026-06-09,27.2,21.3,23.9,77,1.1,21.3
2026-06-10,30.0,20.7,24.2,74,2.6,20.4
2026-06-11,29.1,20.5,24.1,77,0.6,14.1
2026-06-12,27.7,20.5,23.5,82,4.1,13.2
2026-06-13,29.1,19.7,23.3,83,15.0,14.5
2026-06-14,28.1,21.1,23.8,80,4.9,15.6
2026-06-15,29.8,20.3,24.9,67,0.0,16.5
2026-06-16,30.3,20.8,25.5,67,0.4,13.4
2026-06-17,30.4,21.7,25.7,69,1.7,12.7
2026-06-18,27.7,21.6,23.8,79,6.0,13.4
2026-06-19,28.4,21.3,24.1,76,3.4,10.4
2026-06-20,27.9,21.1,24.2,79,2.5,11.3
2026-06-21,28.6,20.5,24.3,77,1.8,12.3
2026-06-22,29.4,20.9,24.0,79,2.1,14.7
2026-06-23,28.4,20.6,24.1,72,0.7,20.9
2026-06-24,29.6,20.5,24.0,70,1.6,22.2
2026-06-25,30.1,20.4,24.2,74,3.9,20.2
2026-06-26,29.1,20.2,24.2,73,3.9,16.9
2026-06-27,29.8,20.6,24.7,73,5.3,15.1
2026-06-28,28.9,20.7,23.7,80,3.2,19.9
2026-06-29,28.1,20.2,22.9,82,8.4,20.0
2026-06-30,29.2,20.1,23.6,75,1.4,23.4
